File_Id,Text,prompt_results,prompt,tags
1146,"Beneath the sky's vast, azure dome,
Where whispers of the wind do roam,
A world of dreams and fleeting light,
Awakes beneath the stars of night.
The moon, a pearl in velvet sea,
Reflects a calm tranquility,
While shadows dance in soft embrace,
And time itself slows down its pace.
In fields where wildflowers bloom,
Their petals paint the twilight's gloom,
A tapestry of hues so bright,
Weaving magic in the night.
Here in this realm of gentle glow,
Where whispered secrets softly flow,
We find our hearts, both bold and free,
Entwined with nature's poetry.","This poem describes a serene nighttime world where dreams and magic unfold. The moon reflects tranquility, while shadows dance in soft embrace. Wildflowers bloom, painting the twilight with vibrant hues. This realm of gentle glow is where hearts are free, entwined with nature's poetry, whispering secrets softly flowing.","summarise this text using 50 words, highlighting the most important concepts","education, research"
1165,"In markets vast where values blend,
The price of goods does twist and bend.
A token of what one will pay,
For wants and needs in life’s array.
From gleaming gold to simple bread,
The price is what our coins have said.
It speaks of work, of toil and strain,
Of dreams pursued, of losses gained.
Yet in the heart where treasures lie,
The worth of love we can’t deny.
For some things priceless, beyond a tag,
In moments rich, our spirits brag.
So while we count each dollar spent,
Remember worth and what it meant.","The poem explores the concept of value and worth in everyday life. It suggests that the price of goods is not the only measure of their value, as love, dreams, and memories are priceless. The poem encourages readers to consider the true worth of things beyond monetary value, emphasizing the importance of treasuring moments and relationships.","summarise this text using 50 words, highlighting the most important concepts","economics, philosophy"
